site,n_hyp2,mean_hyp2,sd_hyp2
Oxford,119,1.02,0.75
Exeter,35,0.917,0.8354057
UCL,72,1.329306,0.8795277